{"eval_accuracy":0.5823317170143127,"train_loss":0.8557013273239136,"train_accuracy":0.7024439573287964,"_wandb":{"runtime":299},"opt_step":39100,"_step":9,"_runtime":299,"epoch":100,"eval_loss":1.280292272567749,"_timestamp":1.7550127736115491e+09}