{"eval_loss":2.3059380054473877,"opt_step":39100,"eval_accuracy":0.10016025602817535,"_step":9,"_wandb":{"runtime":281},"train_loss":2.3078012466430664,"_timestamp":1.7550109625225003e+09,"train_accuracy":0.09993990510702133,"_runtime":281,"epoch":100}