{"epoch":100,"_runtime":310,"train_loss":1.1362931728363037,"eval_accuracy":0.5842347741127014,"train_accuracy":0.6098357439041138,"_step":9,"opt_step":39100,"_timestamp":1.7550136206985154e+09,"_wandb":{"runtime":310},"eval_loss":1.224987506866455}