{"_runtime":331,"eval_loss":1.287325382232666,"train_accuracy":0.5780048370361328,"epoch":100,"opt_step":39100,"_wandb":{"runtime":331},"_step":9,"eval_accuracy":0.5467748641967773,"train_loss":1.2012253999710083,"_timestamp":1.7550842861960614e+09}