{"eval_accuracy":0.8515625,"opt_step":39390,"train_loss":0.03296422213315964,"_step":20,"epoch":100,"train_accuracy":0.9893830418586731,"_timestamp":1.7551752041198025e+09,"_wandb":{"runtime":928},"eval_loss":0.8738350868225098,"_runtime":928}