{"eval_accuracy":0.8113982677459717,"_step":19,"epoch":96,"eval_loss":1.3162274360656738,"opt_step":37536,"train_loss":0.008210974745452404,"_wandb":{"runtime":1387},"_runtime":1387,"train_accuracy":0.9971354603767395,"_timestamp":1.7550896051163244e+09}