{"_step":19,"_wandb":{"runtime":795},"eval_loss":1.5805292129516602,"opt_step":37536,"train_accuracy":0.9959936141967773,"epoch":96,"_runtime":795,"train_loss":0.01281529851257801,"eval_accuracy":0.8186097741127014,"_timestamp":1.7550874521519547e+09}