{"eval_loss":1.0124610662460327,"_runtime":148,"_timestamp":1.7550858518219879e+09,"train_loss":0.9364253282546997,"_wandb":{"runtime":148},"opt_step":37536,"eval_accuracy":0.6434295177459717,"train_accuracy":0.6677483916282654,"_step":19,"epoch":96}